{
	"credit": "Made with Blockbench",
	"texture_size": [32, 32],
	"textures": {
		"0": "claymore_txt",
		"particle": "claymore_txt"
	},
	"elements": [
		{
			"from": [7, -4, 5.8],
			"to": [10, -1, 8.8],
			"rotation": {"angle": 45, "axis": "x", "origin": [10, -4, 6]},
			"faces": {
				"north": {"uv": [8, 4, 9.5, 5.5], "texture": "#0"},
				"east": {"uv": [8, 5.5, 9.5, 7], "texture": "#0"},
				"south": {"uv": [6, 8, 7.5, 9.5], "texture": "#0"},
				"west": {"uv": [8, 7, 9.5, 8.5], "texture": "#0"},
				"up": {"uv": [9, 10, 7.5, 8.5], "texture": "#0"},
				"down": {"uv": [10.5, 8.5, 9, 10], "texture": "#0"}
			}
		},
		{
			"from": [7.5, -3, 7],
			"to": [9.5, 5, 9],
			"rotation": {"angle": 0, "axis": "y", "origin": [10, -3, 7]},
			"faces": {
				"north": {"uv": [6, 0, 7, 4], "texture": "#0"},
				"east": {"uv": [6, 4, 7, 8], "texture": "#0"},
				"south": {"uv": [7, 0, 8, 4], "texture": "#0"},
				"west": {"uv": [7, 4, 8, 8], "texture": "#0"},
				"up": {"uv": [12, 8, 11, 7], "texture": "#0"},
				"down": {"uv": [9, 11, 8, 12], "texture": "#0"}
			}
		},
		{
			"from": [7, 5.5, 5.8],
			"to": [10, 8.5, 8.8],
			"rotation": {"angle": 45, "axis": "x", "origin": [10, 5.5, 6]},
			"faces": {
				"north": {"uv": [9.5, 4, 11, 5.5], "texture": "#0"},
				"east": {"uv": [9.5, 5.5, 11, 7], "texture": "#0"},
				"south": {"uv": [6, 9.5, 7.5, 11], "texture": "#0"},
				"west": {"uv": [9.5, 7, 11, 8.5], "texture": "#0"},
				"up": {"uv": [11.5, 1.5, 10, 0], "texture": "#0"},
				"down": {"uv": [11.5, 1.5, 10, 3], "texture": "#0"}
			}
		},
		{
			"from": [7.5, 5.2, 9],
			"to": [9.5, 7.2, 13],
			"rotation": {"angle": -22.5, "axis": "x", "origin": [9, 5, 9]},
			"faces": {
				"north": {"uv": [11.5, 0, 12.5, 1], "texture": "#0"},
				"east": {"uv": [10, 3, 12, 4], "texture": "#0"},
				"south": {"uv": [11.5, 1, 12.5, 2], "texture": "#0"},
				"west": {"uv": [7.5, 10, 9.5, 11], "texture": "#0"},
				"up": {"uv": [10.5, 12, 9.5, 10], "texture": "#0"},
				"down": {"uv": [11.5, 8.5, 10.5, 10.5], "texture": "#0"}
			}
		},
		{
			"from": [7.5, 6.04, 3.2],
			"to": [9.5, 8.04, 7.2],
			"rotation": {"angle": 22.5, "axis": "x", "origin": [8, 5.9, 5]},
			"faces": {
				"north": {"uv": [11.5, 2, 12.5, 3], "texture": "#0"},
				"east": {"uv": [10.5, 10.5, 12.5, 11.5], "texture": "#0"},
				"south": {"uv": [11.5, 8, 12.5, 9], "texture": "#0"},
				"west": {"uv": [11, 4, 13, 5], "texture": "#0"},
				"up": {"uv": [12, 7, 11, 5], "texture": "#0"},
				"down": {"uv": [7, 11, 6, 13], "texture": "#0"}
			}
		},
		{
			"from": [8.1, 6, 5.5],
			"to": [8.9, 30, 10.5],
			"rotation": {"angle": 0, "axis": "y", "origin": [8, 6, 6]},
			"faces": {
				"north": {"uv": [5, 0, 5.5, 12], "texture": "#0"},
				"east": {"uv": [0, 0, 2.5, 12], "texture": "#0"},
				"south": {"uv": [5.5, 0, 6, 12], "texture": "#0"},
				"west": {"uv": [2.5, 0, 5, 12], "texture": "#0"},
				"up": {"uv": [7.5, 13.5, 7, 11], "texture": "#0"},
				"down": {"uv": [8, 11, 7.5, 13.5], "texture": "#0"}
			}
		},
		{
			"from": [8.05, 26.5, 5.4],
			"to": [8.95, 30.5, 9.4],
			"rotation": {"angle": -45, "axis": "x", "origin": [8, 30, 6]},
			"faces": {
				"north": {"uv": [9, 11, 9.5, 13], "texture": "#0"},
				"east": {"uv": [8, 0, 10, 2], "texture": "#0"},
				"south": {"uv": [10.5, 11.5, 11, 13.5], "texture": "#0"},
				"west": {"uv": [8, 2, 10, 4], "texture": "#0"},
				"up": {"uv": [11.5, 13.5, 11, 11.5], "texture": "#0"},
				"down": {"uv": [12, 11.5, 11.5, 13.5], "texture": "#0"}
			}
		}
	],
	"display": {
		"thirdperson_righthand": {
			"rotation": [0, 180, 0],
			"translation": [0, 4.25, 0.5],
			"scale": [0.9, 0.9, 0.9]
		},
		"thirdperson_lefthand": {
			"translation": [0, 4.25, 0]
		},
		"firstperson_righthand": {
			"rotation": [-9.99, 0.34, -8],
			"translation": [6.25, 1.25, -5.5]
		},
		"firstperson_lefthand": {
			"rotation": [-4.5, 0, -4.75],
			"translation": [8.75, 0.5, -6.5]
		},
		"ground": {
			"rotation": [26.24, 17.01, 39.61],
			"translation": [0, 4.25, 0],
			"scale": [0.8, 0.8, 0.8]
		},
		"gui": {
			"rotation": [90, 45, -90],
			"translation": [-2.25, -2.5, -80],
			"scale": [0.7, 0.7, 0.7]
		},
		"head": {
			"rotation": [-36.75, 0, 0],
			"translation": [0, 0, -1.25]
		},
		"fixed": {
			"rotation": [-90, 63, 90],
			"translation": [3.5, -6.25, 0],
			"scale": [1.5, 1.5, 1.5]
		}
	},
	"groups": [
		{
			"name": "group",
			"origin": [8, 10.9, 5],
			"color": 0,
			"children": [0, 1, 2, 3, 4, 5, 6]
		}
	]
}